age,notes,target
10,patient is doing fine today 10,0
20,patient is doing fine today 20,1
30,patient is doing fine today 30,0
40,patient is doing fine today 40,1
150,patient is doing fine today 150,1
-5,patient is doing fine today -5,0
25,patient is doing fine today 25,0
35,patient is doing fine today 35,1
45,patient is doing fine today 45,0
55,patient is doing fine today 55,1
10,patient is doing fine today 10,0
20,patient is doing fine today 20,1
30,patient is doing fine today 30,0
40,patient is doing fine today 40,1
150,patient is doing fine today 150,1
-5,patient is doing fine today -5,0
25,patient is doing fine today 25,0
35,patient is doing fine today 35,1
45,patient is doing fine today 45,0
55,patient is doing fine today 55,1
